{
  "initial_params": {
    "platform": "cpu-mkl",
    "nx": [
      32
    ],
    "lx": [
      1.5
    ],
    "use_checkpointing": false,
    "box_is_altering": false,
    "chain_model": "continuous",
    "ds": 0.01,
    "numerical_method": "sdc-3",
    "segment_lengths": {
      "A": 1.0,
      "B": 1.0
    },
    "chi_n": {
      "A,B": 13.27
    },
    "distinct_polymers": [
      {
        "volume_fraction": 1.0,
        "blocks": [
          {
            "type": "A",
            "length": 0.5
          },
          {
            "type": "B",
            "length": 0.5
          }
        ]
      }
    ],
    "optimizer": {
      "name": "am",
      "max_hist": 20,
      "start_error": 0.01,
      "mix_min": 0.1,
      "mix_init": 0.1
    },
    "max_iter": 200,
    "tolerance": 1e-08
  },
  "dim": 1,
  "nx": [
    32
  ],
  "lx": [
    1.5
  ],
  "monomer_types": [
    "A",
    "B"
  ],
  "chi_n": {
    "A,B": 13.27
  },
  "chain_model": "continuous",
  "ds": 0.01,
  "eigenvalues": [
    -13.27,
    0.0
  ],
  "matrix_a": [
    [
      1.0,
      1.0
    ],
    [
      -1.0,
      1.0
    ]
  ],
  "matrix_a_inverse": [
    [
      0.5,
      -0.5
    ],
    [
      0.5,
      0.5
    ]
  ],
  "w_A": [
    -3.4318398325973383,
    0.9412978658697109,
    3.1846690416288714,
    3.089860514947307,
    2.8964002019232105,
    2.5343210538363254,
    1.0578360666737265,
    0.910206527205276,
    0.35264568946254937,
    0.2641155232360764,
    0.19585293112669822,
    0.4207339028732728,
    -0.4609145572021061,
    -0.8254568985334554,
    -0.5681324158134968,
    -0.5716925489537938,
    0.6336813089122026,
    0.8464538350662472,
    0.8594330772801071,
    0.8533823357092747,
    0.7910981522436027,
    0.5270056738837119,
    -0.6857757804736917,
    -0.7040845824700244,
    -1.5901097470642702,
    -1.5239306291797292,
    -1.3468016786739307,
    -1.258031592473877,
    -1.3262095372227554,
    -1.6667949724311022,
    -2.924515835009707,
    -1.4747030937788916
  ],
  "w_B": [
    -3.5178283301538755,
    1.1779023142049132,
    3.571786365574951,
    3.5032627799209277,
    3.333711312669749,
    2.965663601000416,
    1.3684898296036248,
    1.2739978737272306,
    0.8458031398531485,
    0.8139757137633399,
    0.7157492322402045,
    0.8704507921917126,
    -0.16243623634925264,
    -0.6096784452466603,
    -0.5691569035179019,
    -0.7340253463568939,
    0.371727075839268,
    0.566597662036726,
    0.5928599351052747,
    0.6097204217312095,
    0.5773186137104717,
    0.302311767250498,
    -1.1898159718158836,
    -1.2062280902624158,
    -2.0297866769653354,
    -1.9379902943598217,
    -1.7223980330529045,
    -1.615768527676124,
    -1.6537326869935205,
    -1.962996321528665,
    -3.065558370949753,
    -1.4839281951946561
  ],
  "phi_A": [
    0.46387849590283664,
    0.452690005775162,
    0.42759429033277285,
    0.40060165264621067,
    0.37615430267045374,
    0.35795069487772335,
    0.3403788714086575,
    0.32525294559532164,
    0.30989655708256375,
    0.2951725571049514,
    0.2808875636072553,
    0.26485266056493667,
    0.2531169261255513,
    0.24243609347775016,
    0.22456563604990415,
    0.22045504300607704,
    0.22298709235211672,
    0.22955430318785638,
    0.2405660116673711,
    0.2557087184222476,
    0.2727063850942324,
    0.2985176580515915,
    0.33511147997256624,
    0.3666294471265914,
    0.3944686772161992,
    0.4173617058728501,
    0.4358383576242163,
    0.449338194559523,
    0.46073844375480666,
    0.4667660352623262,
    0.46576379943720647,
    0.4814995530462847
  ],
  "phi_B": [
    0.5121618258253485,
    0.4746823566827435,
    0.44580387245015,
    0.41674334160774973,
    0.3908983934669435,
    0.3678543681908344,
    0.3448890802263442,
    0.32806335562581057,
    0.31436435322843836,
    0.29858258911052044,
    0.2827132658532121,
    0.2709511444877644,
    0.2613649791941276,
    0.24732407239324267,
    0.2384960083373427,
    0.23158587744240802,
    0.2338834425864492,
    0.2410392543371625,
    0.2559591486446332,
    0.274784759282128,
    0.2986326752701638,
    0.3285695484198178,
    0.36379530867614646,
    0.39772104373119266,
    0.4257195686936606,
    0.4501272055561009,
    0.46751805117090994,
    0.479209551503672,
    0.4872932624417899,
    0.4921675745862783,
    0.4882984964454653,
    0.4979563264397649
  ]
}