{
  "initial_params": {
    "platform": "cpu-mkl",
    "nx": [
      32
    ],
    "lx": [
      1.5
    ],
    "reduce_memory": false,
    "box_is_altering": false,
    "chain_model": "continuous",
    "ds": 0.01,
    "numerical_method": "sdc-2",
    "segment_lengths": {
      "A": 1.0,
      "B": 1.0
    },
    "chi_n": {
      "A,B": 13.27
    },
    "distinct_polymers": [
      {
        "volume_fraction": 1.0,
        "blocks": [
          {
            "type": "A",
            "length": 0.5
          },
          {
            "type": "B",
            "length": 0.5
          }
        ]
      }
    ],
    "optimizer": {
      "name": "am",
      "max_hist": 20,
      "start_error": 0.01,
      "mix_min": 0.1,
      "mix_init": 0.1
    },
    "max_iter": 200,
    "tolerance": 1e-08
  },
  "dim": 1,
  "nx": [
    32
  ],
  "lx": [
    1.5
  ],
  "monomer_types": [
    "A",
    "B"
  ],
  "chi_n": {
    "A,B": 13.27
  },
  "chain_model": "continuous",
  "ds": 0.01,
  "eigenvalues": [
    -13.27,
    0.0
  ],
  "matrix_a": [
    [
      1.0,
      1.0
    ],
    [
      -1.0,
      1.0
    ]
  ],
  "matrix_a_inverse": [
    [
      0.5,
      -0.5
    ],
    [
      0.5,
      0.5
    ]
  ],
  "w_A": [
    6.047721551643614,
    5.975623409728788,
    5.737606392511423,
    5.272731104224613,
    4.497727865960246,
    3.3478764267731824,
    1.8481424167660192,
    0.1798507599365574,
    -1.3522093774337987,
    -2.496195125515663,
    -3.2134878176197796,
    -3.6395205345894412,
    -3.92808866720322,
    -4.1607988396376525,
    -4.350885360221014,
    -4.479559502390245,
    -4.525347854382126,
    -4.479559502367298,
    -4.350885360193841,
    -4.1607988396268585,
    -3.9280886672137316,
    -3.639520534607198,
    -3.2134878176241863,
    -2.4961951254977195,
    -1.3522093774021995,
    0.17985075996460487,
    1.8481424167799354,
    3.3478764267755428,
    4.497727865961736,
    5.27273110423329,
    5.7376063925261835,
    5.975623409740224
  ],
  "w_B": [
    -4.5253478543848855,
    -4.479559502393965,
    -4.350885360225833,
    -4.160798839643101,
    -3.928088667208863,
    -3.6395205345951576,
    -3.213487817625605,
    -2.4961951255219765,
    -1.3522093774409536,
    0.1798507599288304,
    1.8481424167590235,
    3.347876426769097,
    4.497727865961452,
    5.272731104232902,
    5.737606392526882,
    5.975623409749473,
    6.047721551666258,
    5.975623409761127,
    5.737606392541893,
    5.2727311042424905,
    4.49772786596434,
    3.347876426772952,
    1.8481424167743317,
    0.17985075995791322,
    -1.3522093774087922,
    -2.4961951255037995,
    -3.2134878176297446,
    -3.6395205346121715,
    -3.928088667218007,
    -4.160798839630183,
    -4.350885360196251,
    -4.479559502369666
  ],
  "phi_A": [
    0.10161757597608702,
    0.10605941874325453,
    0.11987596700776401,
    0.1445542580047902,
    0.18252386723223712,
    0.2367220426276298,
    0.3092829596167048,
    0.3991693343551247,
    0.5000000027156266,
    0.6008306705439087,
    0.6907170436909921,
    0.7632779585339117,
    0.8174761319427015,
    0.8554457398046471,
    0.8801240298322603,
    0.8939405774294247,
    0.8983824198887429,
    0.8939405774280157,
    0.8801240298300034,
    0.8554457398022055,
    0.8174761319403616,
    0.7632779585315123,
    0.6907170436882768,
    0.6008306705409229,
    0.5000000027127439,
    0.39916933435273333,
    0.30928295961494634,
    0.23672204262641341,
    0.18252386723139855,
    0.14455425800420812,
    0.11987596700738351,
    0.10605941874306361
  ],
  "phi_B": [
    0.8983824198890914,
    0.8939405774298211,
    0.8801240298326901,
    0.8554457398050792,
    0.8174761319431015,
    0.7632779585342518,
    0.6907170436912561,
    0.6008306705440869,
    0.5000000027157131,
    0.39916933435511287,
    0.30928295961659086,
    0.23672204262741836,
    0.1825238672319408,
    0.14455425800442726,
    0.11987596700735428,
    0.10605941874281678,
    0.10161757597563781,
    0.10605941874261818,
    0.11987596700695778,
    0.14455425800381877,
    0.18252386723106406,
    0.2367220426261513,
    0.30928295961477026,
    0.39916933435264973,
    0.5000000027127514,
    0.6008306705410132,
    0.6907170436884346,
    0.7632779585317193,
    0.8174761319406001,
    0.8554457398024611,
    0.8801240298302764,
    0.8939405774283208
  ]
}